name,id
Ashwath_Kris,1477144962286243849
BigShukk,473729548
Shaylaw_Holmes,721713204980817927
sruju16,804978554312290304
MohithTallam,1147022537563357184
Nevasini1,1385123312875950087
Nitin_352,4695558013
612Aksh,3113668031
nikhilprakashhh,1110802279060234241
VishnuOlety,1450829256
blackpsyduck7,821685274786856960
badabingbazaboo,764762412339769344
dhrvmenon,1473893833461043203
moneyman2709,2853941888
Rebeccaaalfred,1480215352550178817
fish4booty,1355217587714449409
pepperblew,1506484559357317120
AryanJa59437740,1205472010773549056
ayushmehk,913734075587878912
teknas231,1157650232521265153
_abhishek_m_s,3117377938
ChudasPriest,1086542458647990272
ShulkerR6,827629337809653761
that_short_shit,1079403117123391488
Athreya_Vishnu_,1003170502972542976
praj_kp,1017108564429627392
govardhnn,2876732521
mayankk_agarwal,3245358649
fireballlpapi,1242738027249586176
SHITvaani,1267321207801516032
rehangmu_1710,924103024028483585
Adithya_nair_,1139124129188073477
Bharg4v,1249343092957655042
Shreyas_xyz,1191711549678743552
archit2098,588244470
HrishikaJotwani,1226363364131033088
pramathharish,834992149758255104
AryamanDubey4,1268952216267902976
aru__she,833359275233652736
Rajesh_M_Mysor,1418346760607395842
mehtreyi,1284839845861273602
therealtushi,1497605466968723504
GauthamYS,1429603854
binarydreamtree,1317498004199256064
La_Ruim,958759926549147649
ohshiiin,1257788962111799296
adu_boiii,1283378917168934913
ParaswarPranav,304837903
SharatH46740404,1384750065047130114
amritaaramesh,1303161128873156608
Gils_Paul13,1483029280699588608
SBhaktharam,1192409641273065473
RohitSulake,1412783242260881415
smrithihihi,1475691974845886464
yashas_karthik,4168701552
whypranav,1116602726270390273
SanjanaKoppella,1428587673116037121
kapasiayush,802416910813933568
zethazhemadam,610131860
doodhwalaaa,1280037324504526848
DevangaAnusha,1351451066622119937
viishruth,3274985820
kunal_49_bhat,3274572859
sumukhbhat2701,730358072506519552
ya_vuh,4798666566
TharunJ30,1287594949228150784
GbHaritha,1004642350553968640
2ez4TejuVG,745566943080394752
notsamyuktha,1247213980797427724
SankalpDevanand,1231447679814656000
AnirudhCb,1327638262920273920
idekanymorepls,860040731674775552
YashiChawla,1300814862130360320
sachinshankar01,831682449864286208
Bhagya28201750,1135751408802680832
alcorrrrrrr,1613156095
bhuvan_18007,795674214690918400
SiddharthSoora,1249295950549401600
srivatsa_av1,4089979760
gaya3cantshutup,1472558789698019330
hariprasadn99,771622961153396736
AishwaryaBS06,1460180698556297221
LokeshUvaraj,883720758723092480
shreyasri01,1382680394349236228
ayushsingh_a5,1471725223082745858
saltyMaggi,1379709485325840387
lost_in_unkown,1138020332437008385
Shawshankgbhat,1471504126890557446
vibhamasti,3034153315
thundercookie_,3320026471
RiteshSapata,1277807884861009921
SuhasRK2,1266962455147671552
7Sailesh7,778520107177738240
DashoraMahim,1277637088842784769
rum_mya,1250017084890726405
notYummmm,1357736121535397888
kedar_shet,3196077097
SACHINMS2001,1459440380345159682
akaboss2001,1468957860
AnirudhRowjee,1345469474791591936
shamanth_km,2838973913
__TNU_,1282017061573668866
kpb1331,3220242762
rohantorescue,1451553004969103362
ananyeeah,1305910070782251009
tangy_31,1344738920
logimeek2001,1008363599226720256
PatilAvanish,1253539463751319552
nishsathish10,1071853071142141952
_muskankothari,1447084409018990595
vinaypnaidu27,1184475769482825728
shreyassk08,3269140134
standardsardard,1403983669908303874
notBeardedMonk,785833074319818752
AmoghK18,902853369332547585
tabsOverSpaces_,1277835126236274688
utkarsh_gupt,725384293766291456
math_with_an_e,1436187424506277898
SBaasri,1154274912703356928
Kunaldo_23,3167392476
zotako01,780439554784366592
Tanya21Arora,1098839084162789376
SamarthMathur7,1273713079587463173
ayushggod,850556860411269121
gimmetechtip,2469365941
ArooKrishna,1366336069319335943
Parziva46048757,1355748483127369730
aditeyabaral01,2872401203
iVishal_R,837163154639462401
AronyaBaksy,705763745079791617
darshilshahaha,1248995104817324034
roysti10,746327100257271816
radioactive_67,1265590858625105921